year,month,day,age,sex,source,body_length,CA,placental_scar
1985,7,17,19,2,6,,,
1985,9,11,0,1,4,,,
1986,5,18,0,2,6,,,
1986,6,17,0,2,4,,,
1988,1,6,1,1,4,,,
1988,10,11,20,2,6,,,
1990,11,17,0,1,4,,,
1990,8,5,0,1,4,,,
1990,,,0,2,4,,,
1991,,,0,2,4,,,
1991,7,24,5,2,4,,,
1991,,,0,1,4,,,
1990,,,0,1,4,,,
1990,10,22,0,1,4,,,
1991,,,33,1,,,,
1991,6,10,0,1,4,,,
1991,12,7,0,1,4,,,
1992,4,25,0,2,4,,,
1992,4,30,0,2,6,,,
1992,5,12,0,1,4,,,
1992,5,20,0,1,4,,,
1992,6,20,6,1,6,,,
1993,5,21,0,1,4,,,
1993,6,20,0,2,6,,,
1994,10,22,0,2,4,,,
1994,,,0,0,4,,,
1996,11,3,28,1,4,,,
1997,12,9,0,2,6,,,
1998,10,16,30,2,6,,,
1981,,,,0,1,,,
1981,,,,2,1,,,
1981,,,19,1,1,,,
1982,,,12,1,1,,,
1982,,,12,2,1,,,
1982,,,9,2,1,,,
1982,,,18,1,1,,,
1982,,,,0,1,,,
1982,,,5,1,1,,,
1982,,,24,1,1,,,
1983,,,2,1,1,,,
1983,,,7,1,1,,,
1983,,,0,1,1,,,
1983,,,3,2,1,,,
1983,,,11,1,1,,,
1983,,,13,2,1,,,
1983,,,2,1,1,,,
1983,,,20,1,1,,,
1986,4,29,25,1,1,,,
1986,4,29,23,1,1,,,
1986,4,29,25,2,1,,,
1986,4,30,29,2,1,,,
1986,4,30,25,1,1,,,
1986,5,1,8,1,1,,,
1986,5,1,3,1,1,,,
1986,5,1,17,2,1,,,
1986,5,15,2,1,1,,,
1986,5,25,8,2,1,,,
1986,5,31,7,1,1,,,
1986,5,25,,1,1,,,
1986,5,25,,1,1,,,
1986,5,29,12,1,1,,,
1986,5,10,6,1,1,,,
1986,6,6,22,1,1,,,
1986,6,,10,2,1,,,
1986,6,2,14,2,1,,,
1986,6,5,3,2,1,,,
1986,6,1,11,1,1,,,
1986,6,1,15,1,1,,,
1986,6,5,26,1,1,,,
1986,6,,6,1,1,,,
1986,6,,6,2,1,,,
1986,,,20,2,1,,,
1987,5,,,1,1,,,
1987,5,,,2,1,,,
1987,5,,,1,1,,,
1987,5,,,1,1,,,
1987,5,,,2,1,,,
1987,5,,,2,1,,,
1987,5,,,1,1,,,
1987,5,,,1,1,,,
1987,5,,,2,1,,,
1987,5,,,1,1,,,
1987,,,6,1,1,,,
1987,,,,2,1,,,
1987,,,,2,1,,,
1987,,,,1,1,,,
1987,,,,2,1,,,
1987,,,,2,1,,,
1987,,,,2,1,,,
1987,,,,1,1,,,
1987,,,,1,1,,,
1987,,,,2,1,,,
1987,,,,0,1,,,
1987,,,10,2,1,,,
1987,,,5,2,1,,,
1987,,,,0,1,,,
1987,,,6,2,1,,,
1987,,,5,2,1,,,
1987,,,5,2,1,,,
1987,,,,2,1,,,
1987,,,16,2,1,,,
1987,,,14,1,1,,,
1987,,,,2,1,,,
1987,,,,1,1,,,
1987,,,,2,1,,,
1987,,,23,2,1,,,
1987,,,3,1,1,,,
1987,,,,1,1,,,
1987,,,18,2,1,,,
1987,,,,2,1,,,
1987,,,,1,1,,,
1987,,,10,1,1,,,
1987,,,,2,1,,,
1987,,,,2,1,,,
1987,,,14,1,1,,,
1987,,,,1,1,,,
1987,,,13,1,1,,,
1987,,,10,1,1,,,
1987,,,12,1,1,,,
1987,,,5,1,1,,,
1987,,,3,1,1,,,
1987,,,22,2,1,,,
1987,,,,0,1,,,
1987,,,,2,1,,,
1987,,,,2,1,,,
1987,,,,0,1,,,
1987,,,,0,1,,,
1987,,,,0,1,,,
1987,,,,2,1,,,
1987,,,18,2,1,,,
1987,,,,0,1,,,
1987,,,,0,1,,,
1988,5,,4,2,1,135,,
1988,5,,10,1,1,138.5,,
1988,5,,4,2,1,143,,
1988,5,,6,1,1,132,,
1988,5,,4,2,1,123,,
1988,5,,13,2,1,133,,
1988,5,,3,2,1,110,,
1988,5,,2,2,1,112.5,,
1988,,,19,1,1,131,,
1988,,,8,1,1,134,,
1988,,,25,1,1,135,,
1988,,,12,1,1,148,,
1988,,,26,2,1,,,
1988,,,8,2,1,,,
1988,,,0,2,1,,,
1988,,,,2,1,,,
1988,,,25,2,1,,,
1988,,,,2,1,,,
1988,,,,2,1,,,
1988,,,20,2,1,,,
1989,,,22,2,1,,,
1989,,,2,1,1,,,
1989,,,2,2,1,,,
1989,,,3,1,1,,,
1989,,,25,2,1,,,
1989,,,26,2,1,,,
1990,4,21,15,2,1,142,0,
1990,4,21,17,2,1,125,0,
1990,4,22,10,1,1,143,,
1990,4,28,3,2,1,120,0,
1990,4,28,15,2,1,134,0,
1990,4,28,11,2,1,130,0,
1990,4,28,9,2,1,140,1,
1991,4,,4,1,1,127,,
1991,4,,14,2,1,143,0,
1991,4,,28,1,1,131,,
1991,4,,29,1,1,143,,
1991,4,,20,1,1,151,,
1991,4,,22,2,1,143,0,
1991,4,,15,1,1,133,,
1991,4,,22,2,1,129,0,
1991,4,,22,2,1,146,0,
1991,4,,5,1,1,136,,
1992,4,22,3,2,1,113,0,
1992,4,22,3,1,1,131,,
1992,4,22,3,1,1,127,,
1992,4,22,21,1,1,158,,
1992,4,22,15,1,1,136,,
1992,4,22,15,2,1,126,1,
1992,4,22,23,2,1,141,0,
1992,4,22,26,1,1,154,,
1992,4,22,3,2,1,124,1,
1992,4,24,3,2,1,129,0,
1993,5,,9,1,1,134,,
1993,5,,10,2,1,121,0,
1993,5,,17,1,1,140,,
1993,5,,14,1,1,138,,
1993,5,,17,1,1,151,,
1993,5,,13,1,1,129,,
1993,5,,3,2,1,121,0,
1993,5,,23,2,1,139,0,
1993,5,,6,1,1,134,,
1994,5,,4,2,1,118,0,
1994,5,,8,1,1,124,,
1994,5,,6,1,1,132,,
1994,5,,5,1,1,123,,
1995,4,,5,1,1,130,,
1995,4,,32,2,1,138,0,
1995,4,,4,1,1,118,,
1995,4,,12,2,1,137,0,
1995,4,,11,1,1,156,,
1995,4,,8,2,1,127,0,
1995,4,,3,2,1,111,0,
1995,4,,3,2,1,111,0,
1995,4,,10,1,1,147,,
1995,4,,5,1,1,124,,
1996,4,,12,2,1,139,0,
1996,4,,6,2,1,129,1,
1996,4,,18,1,1,146,,
1996,4,,11,2,1,130,1,
1996,4,,14,2,1,126,0,
1996,4,,6,2,1,127,0,
1996,4,,20,2,1,136,1,
1996,4,,14,2,1,141,0,
1996,4,,18,2,1,134,1,
1996,11,,29,2,1,134,1,
1997,5,,21,1,1,147,,
1997,5,,7,2,1,130,0,
1997,5,,7,2,1,128,1,
1997,5,,6,2,1,129,1,
1997,5,,8,2,1,123,1,
1997,5,,6,2,1,127,0,
1997,5,,7,2,1,126,1,
1997,5,,7,1,1,130,,
1997,5,,16,1,1,139,,
1997,5,,15,1,1,131,,
1998,4,,4,2,1,126,0,
1998,4,,25,2,1,135,0,
1998,4,,13,2,1,128,0,
1998,4,,20,2,1,137,0,
1998,4,,4,1,1,133,,
1998,4,,7,1,1,131,,
1998,4,,14,1,1,148,,
1998,4,,1,1,1,116,,
1998,4,,12,2,1,126,0,
1998,5,,12,1,1,142,,
1999,4,,19,2,1,140,0,
1999,4,,13,2,1,134,1,
1999,5,,11,2,1,125,1,
1999,5,,10,1,1,135,,
1999,5,,22,2,1,157,1,
1999,5,,6,2,1,126,1,
1999,5,,13,1,1,128,,
2000,4,,19,1,1,143,,
2000,4,,6,2,1,130,1,
2000,4,,2,2,1,118,0,
2000,4,,14,1,1,134,,
2000,4,,27,1,1,149,,
2000,4,,15,2,1,124,1,
2000,4,,9,2,1,138,1,
2000,4,,6,1,1,132,,
2000,4,,7,1,1,140,,
2000,7,,0,2,1,,,
2001,5,,20,1,1,,,
2001,7,,1,1,1, ,,
2002,4,,13,2,4,148,1,
2002,4,,9,2,1,149,1,
2002,4,,20,2,1,144,0,
2002,4,,17,2,1,137,0,
2002,4,,16,2,1,142,,
2002,4,,9,1,1,135,,
2002,4,,6,1,1,128,,
2002,4,,17,2,1,140,1,
2002,4,,4,2,1,122,0,
2004,4,25,10,2,1,134,1,
2004,4,25,6,2,1,125,1,
2004,4,,,1,1,145,,
2004,4,,,1,1,133,,
2004,4,,,1,1,131,,
2004,4,26,6,2,1,124,1,
2004,4,27,20,2,1,137,1,
2004,4,27,6,2,1,122,,
2004,4,28,9,2,1,128,1,
2004,5,1,35,2,1,,0,
2004,5,,6,1,1,,,
2004,10,2,5,2,1,,1,
2004,,,,2,,,0,
2005,5,,,2,1,,0,
2006,4,20,2,1,1,111,,
2006,4,20,7,2,1,122,0,
2006,4,21,4,1,1,127,,
2006,4,21,6,2,1,128,0,
2006,4,21,2,1,1,110,,
2006,4,22,8,1,1,134,,
2006,4,22,6,1,1,138,,
2006,4,22,15,2,1,133,1,
2006,4,22,10,2,1,135,1,
2006,4,23,9,1,1,136,,
2006,4,23,4,1,1,123,,
2006,4,23,13,2,1,141,0,
2006,4,24,11,1,1,132,,
2006,4,24,9,1,1,143,,
2006,5,,0,0,1,,,
2007,4,21,4,1,1,126,,
2007,4,21,6,1,1,140,,
2007,4,22,8,2,1,132,1,
2007,4,22,2,1,1,123,,
2007,4,22,10,1,1,137,,
2007,4,23,16,2,1,135,0,
2007,4,23,7,1,1,142,,
2007,4,24,15,1,1,142,,
2007,4,24,20,1,1,135,,
2007,4,24,3,1,1,114,,
2007,4,12,,1,4,,,
2007,8,31,0,1,4,,,
2007,9,11,0,1,4,,,
2007,9,28,,2,2,126,,
2007,10,12,,2,4,110,1,1
2007,10,21,,2,4,150,1,
2008,3,28,,1,1,,,
2008,4,24,0,1,1,,,
2008,4,30,0,1,1,,,
2008,4,30,,1,1,,,
2008,4,16,,1,1,,,
2008,4,19,0,1,1,,,
2008,4,22,0,1,1,,,
2008,4,22,,1,1,,,
2008,5,30,1,2,1,104,0,
2008,5,30,13,1,1,135,,
2008,5,30,1,2,1,109,0,
2008,6,30,,0,4,,,
2008,6,9,14,2,1,128,1,
2008,6,1,1,2,1,117,,
2008,6,1,1,1,1,103,,
2008,6,3,18,2,1,130,1,
2008,6,5,25,1,1,142,,
2008,6,7,2,1,1,110,,
2008,6,9,15,1,1,129,,
2008,6,11,0,1,1,73,,
2008,6,14,0,1,1,94,,
2009,4,22,0,2,2,80,,
2009,4,28,8,1,1,138,,
2009,4,29,11,1,1,125,,
2009,4,29,9,1,1,136,,
2009,4,29,6,1,1,135,,
2009,4,30,12,1,1,134,,
2009,4,30,13,1,1,143,,
2009,4,30,5,1,1,136,,
2009,5,20,12,2,1,131,1,
2009,5,20,6,2,1,126,1,
2009,5,22,1,2,1,114,0,
2009,5,22,27,2,1,132,1,
2009,5,24,14,2,1,130,1,
2009,5,24,5,2,1,120,0,
2009,5,14,8,1,1,133,,
2009,5,15,12,1,1,122,,
2009,5,1,9,1,1,140,,
2009,5,1,8,2,1,133,0,
2009,5,1,6,1,1,139,,
2009,6,6,6,2,1,118,1,
2009,7,10,0,0,1,,,
2009,7,31,0,1,1,95,,
2009,9,5,0,1,4,110,,
2009,10,18,8,2,1,121,0,
2009,10,20,20,2,1,133,1,
2009,10,27,8,2,1,157,0,
2009,10,2,3,1,1,114,,
2009,10,9,12,1,1,142,,
2009,10,9,6,1,1,132,,
2009,10,12,14,1,1,138,,
2009,10,24,15,1,1,159,,
2009,10,29,9,1,1,147,,
2009,10,31,7,1,1,146,,
2009,10,27,13,2,1,128,0,
2009,11,,4,1,1,,,
2009,11,5,5,1,1,140,,
2009,11,5,16,1,1,144,,
2009,11,7,2,1,1,124,,
2009,11,5,6,2,1,127,1,
2010,5,,6,1,4,,,
2010,9,,0,2,4,125,0,
2010,9,,11,1,1,144,,
2010,10,,0,1,1,108,,
2010,10,,10,1,1,137,,
2010,10,,11,1,1,150,,
2011,5,,24,1,,,,
2011,5,,9,2,,,0,
2011,5,,4,2,,,,1
2011,5,,8,2,,,1,1
2011,5,29,5,2,4,90,1,1
2011,5,,5,2,4,100,0,
2011,5,,6,2,4,90,,1
2011,5,,2,2,4,100,,
2011,11,,2,1,4,110,,
2012,9,16,,2,4,,,
2012,9,28,0,1,4,94,,
2012,10,7,1,2,1,,0,
2012,10,8,10,1,1,,,
2012,10,8,1,2,1,,0,
2012,10,8,14,2,1,,,
2013,4,22,3,1,4,115,,
2013,4,20,1,1,4,116,,
2013,10,19,0,2,4,104,0,
2013,10,22,24,1,1,,,
2013,11,2,0,2,2,115,,
2013,11,2,0,1,4,134,,
2013,11,2,1,2,1,,0,0
2013,11,17,6,2,4,164,0,
2013,11,3,8,1,1,,,
2013,11,3,,1,1,,,
2014,4,27,0,2,1,100,,
2014,4,10,0,2,2,,,
2014,4,15,0,1,2,70,,
2014,5,16,0,1,2,97,,
2014,5,22,0,1,2,75,,
2014,5,8,0,1,2,73,,
2014,5,4,,2,2,82,,
2014,5,6,0,2,2,,,
2014,5,14,0,1,4,60,,
2014,6,20,0,1,2,90,,
2014,6,7,0,1,2,95,,
2014,6,2,0,2,2,75,,
2014,6,18,0,2,2,70,,
2014,6,15,0,1,2,100,,
2014,7,10,0,2,2,70,,
2014,7,11,28,1,2,110,,
2014,9,9,0,1,2,98,,
2014,9,19,0,2,2,85,0,
2014,10,31,2,1,2,115,,
2014,10,31,1,1,2,107,,
2014,10,10,3,,1,,,
2014,10,12,13,1,1,,,
2014,11,8,1,2,2,,0,
2014,11,15,0,1,4,100,,
2015,4,20,,1,4,140,,
2015,4,27,0,2,4,65,0,
2015,4,29,0,1,4,75,,
2015,4,29,0,1,4,70,,
2015,4,26,0,1,4,60,,
2015,4,27,0,2,4,68,0,
2015,5,20,2,1,2,,,
2015,5,20,1,1,2,,,
2015,5,6,0,1,4,98,,
2015,5,8,0,2,4,75,,
2015,5,30,0,2,4,80,0,
2015,5,2,0,2,4,70,0,
2015,5,9,0,2,4,64,0,
2015,5,,0,2,4,78,0,
2015,5,18,0,1,4,85,,
2015,5,15,0,1,,82,,
2015,5,10,0,2,4,59,0,
2015,5,25,0,1,4,,,
2015,5,7,0,1,4,85,,
2015,5,5,0,1,4,68,,
2015,5,18,0,1,4,70,,
2015,6,8,0,1,4,85,,
2015,6,8,0,,4,95,,
2015,6,18,0,1,4,110,,
2015,7,22,3,2,1,,,
2015,7,8,0,1,4,76,,
2015,7,28,0,2,,78,0,
2015,7,20,0,2,,78,0,
2015,9,15,0,2,2,120,0,
2015,9,22,,2,2,137,,
2015,9,11,4,1,2,140,,
2015,9,11,0,1,2,84,,
2015,9,3,0,1,2,94,,
2015,10,8,1,1,,90,,
2015,10,7,6,2,,110,,
2015,10,11,15,1,1,,,
2015,10,13,16,2,1,,1,
2015,10,13,4,1,1,,,
2015,10,10,1,2,1,,0,0
2015,5,8,0,,4,,,
2015,5,8,0,2,4,,0,
2015,5,8,0,,4,,,
2015,5,8,0,1,4,,,
2015,9,,0,1,4,,,
2016,4,20,10,2,1,120,1,1
2016,4,28,0,1,1,70,,
2016,4,20,30,1,1,120,,
2016,4,20,1,1,1,70,,
2016,4,26,0,1,1,97,,
2016,4,30,0,1,1,70,,
2016,4,30,8,2,1,,1,1
2016,4,30,7,2,1,138,1,1
2016,4,16,1,2,1,80,0,0
2016,4,22,1,1,1,110,,
2016,4,16,3,1,1,105,,
2016,4,23,18,2,1,105,1,1
2016,4,22,9,1,1,122,,
2016,4,30,2,2,1,,0,
2016,4,30,17,1,1,,,
2016,4,23,7,2,1,,0,0
2016,5,3,20,1,1,135,,
2016,5,7,19,1,1,130,,
2016,5,9,2,1,1,115,,
2016,5,1,11,2,1,,0,0
2016,5,9,2,2,1,105,0,0
2016,5,9,1,2,1,105,0,0
2016,5,9,4,1,1,125,,
2016,5,4,2,1,1,130,,
2016,5,3,2,2,1,120,,0
2016,5,3,2,,1,125,,
2016,5,4,12,2,1,122,0,0
2016,5,4,9,1,1,132,,
2016,5,7,1,2,1,98,0,0
2016,5,2,0,1,1,53,,
2016,5,4,1,1,1,115,,
2016,5,29,0,2,2,38,0,0
2016,5,6,18,1,1,,,
2016,5,3,8,1,1,114,,
2016,5,6,40,2,1,,,
2016,5,5,0,2,1,65,0,0
2016,5,4,22,1,1,122,,
2016,5,5,22,1,1,130,,
2016,5,4,11,1,1,128,,
2016,5,4,0,2,1,70,0,0
2016,5,5,21,2,1,131,1,1
2016,5,1,2,1,1,,,
2016,5,1,11,1,1,,,
2016,5,2,27,2,1,,,
2016,5,2,1,2,1,,,
2016,9,17,0,2,1,85,,
2017,4,23,0,1,1,50,,
2017,4,16,2,2,1,120,0,0
2017,4,28,12,1,1,135,,
2017,4,28,1,2,1,110,,
2017,4,,5,1,1,135,,
2017,4,,3,2,1,130,,
2017,4,28,6,1,1,130,,
2017,4,16,7,1,1,138,,
2017,4,22,0,1,1,55,,
2017,4,22,15,1,1,120,,
2017,4,22,7,2,1,110,1,1
2017,4,16,11,2,1,135,1,1
2017,4,22,9,2,1,140,1,1
2017,4,22,,1,1,135,,
2017,4,22,7,2,1,110,0,
2017,4,23,20,1,1,140,,
2017,4,20,12,2,1,110,1,1
2017,4,28,10,2,1,140,1,1
2017,4,21,,2,1,,0,
2017,4,27,30,1,1,158,,
2017,4,27,24,1,1,163,,
2017,4,28,12,2,1,145,1,1
2017,4,28,3,2,1,132,0,0
2017,4,28,17,2,1,148,,1
2017,4,28,0,2,1,82,0,0
2017,4,23,0,2,1,98,0,0
2017,4,16,,2,1,105,1,1
2017,4,16,15,2,1,125,1,1
2017,4,16,7,1,1,130,,
2017,4,17,2,2,1,115,0,0
2017,4,18,2,2,1,112,0,0
2017,4,23,26,2,1,135,,
2017,4,16,3,2,1,107,0,0
2017,4,29,28,1,1,160,,
2017,4,28,0,2,1,160,0,0
2017,4,28,0,2,1,65,0,
2017,4,28,0,2,1,60,0,
2017,4,29,21,2,1,60,0,0
2017,4,18,30,2,1,123,0,0
2017,4,18,1,2,1,80,,
2017,4,16,3,2,1,110,0,0
2017,4,29,2,2,1,133,,
2017,4,24,0,2,1,60,,
2017,4,24,0,1,1,63,,
2017,4,28,14,1,1,128,,
2017,4,28,4,1,1,136,,
2017,4,28,22,1,1,149,,
2017,4,29,2,2,1,90,0,
2017,4,29,1,1,1,120,,
2017,4,28,2,2,1,107,0,
2017,4,28,0,1,1,74,,
2017,4,28,7,1,1,108,,
2017,4,29,5,1,1,110,,
2017,4,29,2,2,1,90,0,
2017,4,23,16,1,1,138,,
2017,4,28,17,1,1,118,,
2017,4,,2,1,1,120,,
2017,4,17,2,2,1,91,0,
2017,4,18,13,1,1,146,,
2017,4,19,3,1,1,131,,
2017,4,16,3,2,1,135,0,0
2017,4,16,11,1,1,140,,
2017,4,17,3,2,1,116,0,
2017,4,18,15,1,1,112,,
2017,4,28,3,1,1,145,,
2017,4,17,2,1,1,150,,
2017,4,19,0,2,1,100,0,
2017,5,13,0,1,1,70,,
2017,5,13,2,2,1,90,0,0
2017,5,13,0,2,1,45,,
2017,5,13,1,2,1,100,,
2017,5,13,0,2,1,80,,
2017,5,3,19,1,1,148,,
2017,5,4,11,1,1,152,,
2017,5,4,5,1,1,167,,
2017,5,6,11,1,1,142,,
2017,5,5,19,1,1,135,,
2017,5,12,0,1,1,82,,
2017,5,12,0,2,1,97,0,
2017,5,12,0,1,1,78,,
2017,5,10,0,2,1,84,0,
2017,5,10,0,2,1,80,0,
2017,5,10,4,2,1,121,0,
2017,5,10,0,2,1,92,0,
2017,5,7,0,1,1,93,,
2017,5,12,0,2,4,91,0,
2017,5,13,0,2,1,71,0,
2017,5,7,4,1,1,132,,
2017,5,7,1,1,1,100,,
2017,5,12,0,1,1,98,,
2017,5,12,0,2,1,92,0,
2017,5,12,0,1,1,80,,
2017,5,12,22,1,1,160,,
2017,5,6,1,2,1,100,,
2017,5,7,16,1,1,165,,
2017,5,7,2,1,1,100,,
2017,5,7,0,1,1,60,,
2017,5,1,10,2,1,137,1,1
2017,5,7,16,1,1,151,,
2017,5,8,3,2,1,138,0,0
2017,5,7,0,2,1,60,,
2017,5,7,0,1,1,70,,
2017,5,3,0,2,1,87,0,
2017,5,5,15,2,1,130,1,1
2017,5,1,0,1,1,94,,
2017,5,1,1,1,1,83,,
2017,5,7,0,1,1,71,,
2017,5,7,18,1,1,113,,
2017,5,16,9,1,1,130,,
2017,5,3,0,1,1,74,,
2017,5,18,0,1,1,80,,
2017,5,18,0,1,1,70,,
2017,5,18,0,2,1,70,0,
2017,5,7,2,1,1,100,,
2017,5,16,15,2,1,130,1,1
2017,5,16,2,2,1,105,0,
2017,5,16,9,1,1,107,,
2017,5,3,14,1,1,138,,
2017,5,2,0,2,2,100,0,
2017,5,21,1,1,1,105,,
2017,5,16,23,1,,140,,
2017,5,1,1,1,1,106,,
2017,5,13,0,1,1,92,,
2017,5,13,20,1,1,159,,
2017,5,16,0,1,1,,,
2017,5,27,6,2,1,120,0,1
2017,5,27,2,2,1,86,0,
2017,5,27,4,1,1,136,,
2017,5,23,9,2,1,110,1,1
2017,5,23,5,1,1,115,,
2017,5,22,23,2,1,120,1,0
2017,5,20,2,2,1,75,0,
2017,5,15,0,2,1,65,0,
2017,5,18,3,1,1,120,,
2017,5,23,0,2,1,88,0,
2017,5,10,10,2,1,,1,0
2017,5,1,24,1,1,150,,
2017,5,11,6,2,1,139,1,1
2017,5,16,0,1,1,83,,
2017,5,16,0,1,1,93,,
2017,5,12,8,2,1,121,0,0
2017,5,12,12,2,1,110,1,
2017,5,11,2,1,1,95,,
2017,5,13,0,1,1,,,
2017,5,26,3,1,1,128,,
2017,5,26,1,1,1,96,,
2017,5,12,7,1,1,145,,
2017,5,11,4,1,1,114,,
2017,5,12,3,1,1,,,
2017,5,13,14,1,1,123,,
2017,5,21,13,2,1,140,0,0
2017,5,14,17,1,1,135,,
2017,5,13,5,2,1,130,1,0
2017,5,12,0,2,1,75,,
2017,5,12,0,1,1,95,,
2017,5,12,0,1,1,105,,
2017,5,12,0,2,1,105,0,
2017,5,13,5,2,1,135,1,1
2017,5,13,10,2,1,140,1,1
2017,5,12,0,1,1,102,,
2017,5,12,2,2,1,79,0,
2017,5,20,7,1,1,115,,
2017,5,20,0,2,1,85,0,
2017,5,16,2,1,1,107,,
2017,5,16,13,2,1,128,0,
2017,5,31,0,2,4,98,,
2017,5,4,4,2,1,110,,
2017,5,4,8,2,1,105,1,
2017,6,3,0,2,4,70,0,
2017,6,17,0,1,4,105,,
2017,7,12,0,1,4,90,,
2017,,,13,1,1,,,
2017,,,1,2,1,110,0,
2018,1,9,3,2,5,101,,
2018,4,16,0,1,1,80,,
2018,4,17,9,2,1,130,1,1
2018,4,17,15,2,1,125,1,1
2018,4,20,5,2,1,115,0,
2018,4,20,3,2,1,110,,
2018,4,18,0,2,1,88,,
2018,4,22,0,2,1,84,,
2018,4,19,0,2,1,86,,
2018,4,16,5,1,1,130,,
2018,4,19,5,1,1,115,,
2018,4,19,17,2,1,113,1,1
2018,4,16,8,1,1,120,,
2018,4,17,19,2,1,145,0,0
2018,4,30,,1,1,136,,
2018,4,28,11,2,1,127,1,1
2018,4,27,0,1,1,90,,
2018,4,18,8,2,1,140,0,0
2018,4,22,19,1,1,120,,
2018,4,22,4,1,1,85,,
2018,4,24,0,1,1,100,,
2018,4,23,11,2,1,135,1,1
2018,4,20,8,2,1,130,1,1
2018,4,29,16,2,1,135,1,1
2018,4,30,1,2,1,90,,
2018,4,29,6,1,1,130,,
2018,4,20,10,2,1,109,1,1
2018,4,20,2,1,1,110,,
2018,4,20,3,1,1,110,,
2018,4,20,8,1,1,109,,
2018,4,16,11,2,1,130,1,1
2018,4,30,10,1,1,149,,
2018,4,16,,1,1,133,,
2018,4,30,2,2,1,125,0,
2018,4,17,4,2,1,126,0,
2018,4,18,9,2,1,146,1,1
2018,4,17,24,1,1,150,,
2018,4,30,11,2,1,148,1,1
2018,4,17,15,2,1,136,1,0
2018,4,17,8,1,1,146,,
2018,4,30,7,2,1,135,1,1
2018,4,21,4,2,1,,,
2018,5,5,16,2,1,140,1,1
2018,5,5,3,1,1,130,,
2018,5,5,12,2,1,115,1,1
2018,5,12,4,1,1,127,,
2018,5,10,12,2,1,90,1,1
2018,5,10,6,2,1,95,1,1
2018,5,11,0,1,1,70,,
2018,5,11,22,1,1,140,,
2018,5,11,2,1,1,100,,
2018,5,11,8,1,1,120,,
2018,5,2,0,2,1,90,,
2018,5,6,6,1,1,140,,
2018,5,5,7,1,1,75,,
2018,5,2,4,1,1,125,,
2018,5,2,0,2,1,130,,
2018,5,1,29,1,1,135,,
2018,5,5,5,1,1,,,
2018,5,5,13,1,1,120,,
2018,5,5,5,1,1,80,,
2018,5,5,12,2,1,145,1,0
2018,5,12,8,1,1,137,,
2018,5,12,2,1,1,118,,
2018,5,11,1,2,1,120,0,0
2018,5,12,4,1,1,133,,
2018,5,11,30,1,1,160,,
2018,5,11,3,1,1,112,,
2018,5,11,12,2,1,137,0,0
2018,5,5,4,2,1,125,,
2018,5,5,20,1,1,152,,
2018,5,1,0,1,2,65,,
2018,5,5,2,1,1,115,,
2018,5,5,8,1,1,155,,
2018,5,13,0,2,1,100,,
2018,5,12,2,2,1,88,0,0
2018,5,8,0,2,1,95,,
2018,5,11,1,2,1,100,,
2018,5,11,2,1,1,121,,
2018,5,12,15,1,1,153,,
2018,5,12,2,2,1,106,0,0
2018,5,13,0,2,1,80,,
2018,5,13,11,2,1,135,1,1
2018,5,15,4,2,1,100,0,0
2018,5,16,0,2,1,75,,
2018,5,16,2,1,1,114,,
2018,5,16,5,1,1,139,,
2018,5,13,0,1,1,97,,
2018,5,10,0,1,1,70,,
2018,5,10,0,1,1,64,,
2018,5,10,5,1,1,124,,
2018,5,17,8,2,1,125,1,0
2018,5,17,12,2,1,130,0,0
2018,5,17,9,1,1,130,,
2018,5,17,0,1,1,90,,
2018,5,12,2,1,1,115,,
2018,5,11,9,2,1,155,1,1
2018,5,13,7,1,1,120,,
2018,5,12,2,1,1,126,,
2018,5,8,2,2,1,140,0,0
2018,5,12,0,2,1,115,,
2018,5,8,1,2,1,120,0,0
2018,5,15,2,1,1,120,,
2018,5,13,3,1,1,118,,
2018,5,12,16,1,1,156,,
2018,5,11,0,2,1,80,,
2018,5,11,0,2,1,75,,
2018,5,14,5,1,1,152,,
2018,5,22,0,2,4,80,,
2018,5,18,3,1,1,70,,
2018,5,13,0,2,1,115,,
2018,5,12,2,1,1,130,,
2018,5,8,7,2,1,140,1,1
2018,5,8,16,2,1,150,1,1
2018,5,11,7,2,1,130,1,1
2018,5,9,3,2,1,112,0,0
2018,5,12,27,1,1,146,,
2018,5,1,9,1,1,155,,
2018,5,15,4,2,1,145,1,1
2018,5,13,12,2,1,140,1,1
2018,5,1,7,2,1,128,1,1
2018,5,8,11,1,1,145,,
2018,5,13,2,1,1,120,,
2018,5,14,2,2,1,,0,0
2018,5,15,7,1,1,,,
2018,5,17,2,1,1,,,
2018,5,17,7,2,1,,1,1
2018,5,17,3,,1,,,
2018,5,20,4,,1,,,
2018,5,20,11,2,1,,1,1
2018,5,15,0,2,1,80,,
2018,5,16,0,1,1,80,,
2018,5,15,1,1,1,105,,
2018,5,16,3,1,1,115,,
2018,5,16,22,1,1,135,,
2018,5,1,3,2,1,133,,1
2018,,,13,1,1,145,,
2018,,,0,1,1,85,,
2019,4,19,16,1,1,128,,
2019,4,19,3,2,1,103,0,0
2019,4,19,4,1,1,115,,
2019,4,16,11,2,1,138,1,1
2019,4,16,9,2,1,136,1,1
2019,4,16,2,2,1,83,,
2019,4,16,1,2,1,86,0,
2019,4,16,1,2,1,82,0,0
2019,4,16,1,1,1,88,,
2019,4,16,1,1,1,79,,
2019,4,16,1,1,1,89,,
2019,4,16,0,1,1,55,,
2019,4,16,6,2,1,112,1,1
2019,4,16,17,1,1,98,,
2019,4,16,4,2,1,103,0,0
2019,4,17,6,2,1,113,1,1
2019,4,19,5,1,1,130,,
2019,4,19,5,1,1,145,,
2019,4,19,6,2,1,125,1,1
2019,4,16,2,2,1,110,0,0
2019,4,16,8,1,1,120,,
2019,4,16,21,1,1,130,,
2019,4,16,20,1,1,140,,
2019,4,17,0,1,1,105,,
2019,4,17,0,1,1,100,,
2019,4,16,10,1,1,149,,
2019,4,16,0,2,1,84,0,0
2019,4,19,18,2,1,130,1,1
2019,4,19,6,2,1,150,1,1
2019,4,16,22,2,1,130,1,1
2019,4,17,6,1,1,125,,
2019,4,16,2,2,1,170,,
2019,4,17,8,1,1,145,,
2019,4,27,0,1,1,65,,
2019,4,18,2,2,1,101,0,
2019,4,27,0,1,1,79,,
2019,4,27,7,2,1,125,1,1
2019,4,27,0,1,1,71,,
2019,4,30,0,1,1,65,,
2019,4,29,2,2,1,120,0,
2019,4,30,16,1,1,130,,
2019,4,28,0,2,1,65,0,
2019,4,29,23,1,1,133,,
2019,4,30,7,2,1,125,1,1
2019,4,28,,2,1,60,0,
2019,4,30,0,1,1,90,,
2019,4,30,0,2,1,80,0,
2019,4,30,10,1,1,145,,
2019,4,29,,2,1,75,,
2019,4,21,0,1,2,67,,
2019,4,28,0,1,1,79,,
2019,4,29,9,1,1,160,,
2019,4,27,16,2,1,143,,
2019,4,30,0,1,1,72,,
2019,4,28,1,2,1,110,0,
2019,4,28,0,2,1,67,0,
2019,4,28,1,1,1,110,,
2019,4,30,1,1,1,97,,
2019,4,30,1,1,1,91,,
2019,4,26,0,1,1,74,,
2019,4,28,0,2,1,61,0,
2019,4,28,0,1,1,97,,
2019,4,19,0,2,2,70,0,
2019,4,30,0,1,1,89,,
2019,4,30,1,1,1,90,,
2019,4,30,9,2,1,159,1,
2019,4,30,0,1,1,85,,
2019,4,30,1,1,1,117,,
2019,4,30,0,2,1,97,0,
2019,4,16,1,2,1,130,0,
2019,4,30,3,1,1,120,,
2019,4,30,7,2,1,142,1,1
2019,4,25,0,2,1,101,0,
2019,4,28,8,1,1,131,,
2019,4,28,11,1,1,126,,
2019,4,28,1,2,1,65,0,
2019,4,5,6,2,1,126,0,
2019,4,29,10,1,1,124,,
2019,4,28,12,2,1,106,1,0
2019,4,28,13,2,1,115,1,1
2019,4,28,5,2,1,100,,0
2019,4,28,2,1,1,90,,
2019,4,28,0,2,1,63,0,
2019,4,28,0,1,1,72,,
2019,4,20,16,1,1,123,,
2019,4,29,0,2,1,106,0,
2019,4,5,0,1,1,80,,
2019,4,5,0,2,1,77,,
2019,4,28,0,1,1,100,,
2019,4,29,7,2,1,100,1,1
2019,4,21,11,1,1,150,,
2019,4,28,0,1,1,105,,
2019,4,21,18,2,1,145,1,1
2019,4,25,1,2,1,100,0,
2019,4,30,0,1,1,80,,
2019,4,27,1,2,1,90,0,
2019,4,25,1,2,1,100,0,
2019,4,27,3,1,1,120,,
2019,4,29,7,1,1,125,,
2019,4,30,,2,1,70,,
2019,4,30,1,1,1,90,,
2019,4,30,0,2,1,70,0,
2019,4,27,2,1,1,99,,
2019,4,27,15,2,1,102,,
2019,4,19,15,2,1,150,1,1
2019,4,19,2,1,1,120,,
2019,4,25,8,2,1,148,0,0
2019,4,16,2,2,1,105,,
2019,4,17,6,1,1,118,,
2019,4,16,12,1,1,130,,
2019,4,16,0,1,1,95,,
2019,4,16,15,2,1,150,0,0
2019,4,17,16,2,1,130,1,1
2019,4,16,17,1,1,140,,
2019,4,16,8,2,1,105,,
2019,4,16,16,2,1,141,0,0
2019,4,17,10,2,1,140,,
2019,4,16,17,2,1,150,1,1
2019,4,18,0,1,1,70,,
2019,4,18,0,2,1,98,0,
2019,4,18,7,2,1,112,1,1
2019,4,17,6,1,1,125,,
2019,4,16,18,1,1,140,,
2019,4,18,17,2,1,140,1,1
2019,4,17,16,1,1,134,,
2019,4,16,15,2,1,148,0,0
2019,4,16,8,1,1,130,,
2019,4,16,2,2,1,105,,
2019,4,17,12,1,1,140,,
2019,4,17,10,2,1,110,,
2019,4,16,10,2,1,130,1,1
2019,4,16,9,2,1,125,1,1
2019,4,16,14,2,1,140,1,0
2019,4,16,3,2,1,145,0,0
2019,4,16,15,1,1,145,,
2019,4,16,10,1,1,160,,
2019,4,16,12,2,1,127,1,1
2019,4,16,14,1,1,107,,
2019,4,16,0,2,1,80,,
2019,4,17,7,1,1,125,,
2019,4,16,3,2,1,148,0,
2019,4,16,7,2,1,130,1,1
2019,5,6,0,2,1,60,0,
2019,5,5,7,2,1,100,1,1
2019,5,5,16,1,1,130,,
2019,5,4,19,1,1,130,,
2019,5,4,11,1,1,130,,
2019,5,1,15,2,1,135,1,1
2019,5,4,7,2,1,148,1,1
2019,5,10,2,1,1,98,,
2019,5,10,0,1,1,62,,
2019,5,10,1,1,1,95,,
2019,5,4,0,2,1,95,0,
2019,5,4,0,1,1,75,,
2019,5,4,0,2,1,90,0,
2019,5,4,1,2,1,110,0,
2019,5,4,6,2,1,150,1,1
2019,5,4,3,1,1,120,,
2019,5,4,5,2,1,150,1,1
2019,5,4,0,2,1,80,0,
2019,5,5,1,2,1,100,0,
2019,5,30,0,2,1,60,0,
2019,5,6,0,2,1,65,0,
2019,5,6,0,2,1,75,,
2019,5,6,0,2,1,75,0,
2019,5,6,0,1,1,72,,
2019,5,6,0,1,1,,,
2019,5,21,17,1,1,150,,
2019,5,15,1,2,1,100,,
2019,5,25,6,2,2,130,1,1
2019,5,11,7,2,1,98,0,1
2019,5,11,0,2,1,97,0,0
2019,5,11,12,1,1,120,,
2019,5,11,1,1,1,94,,
2019,5,11,1,1,1,87,,
2019,5,11,2,1,1,95,,
2020,4,30,24,1,1,133,,
2020,4,18,16,1,1,138,,
2020,4,19,7,2,1,132,1,1
2020,4,18,3,2,1,172,0,
2020,4,19,10,2,1,129,1,1
2020,4,19,7,1,1,127,,
2020,4,21,14,2,1,160,1,1
2020,4,19,11,2,1,134,0,0
2020,4,23,0,1,1,97,,
2020,4,22,6,1,1,142,,
2020,4,22,0,1,1,82,,
2020,4,22,7,1,1,130,,
2020,4,22,8,2,1,154,0,0
2020,4,22,7,1,1,130,,
2020,4,22,,1,1,133,,
2020,4,23,5,2,1,122,0,0
2020,4,23,1,1,1,120,,
2020,4,23,0,2,1,84,,
2020,4,16,11,1,1,155,,
2020,4,21,0,2,1,75,,
2020,4,21,0,1,1,80,,
2020,4,21,19,2,1,140,1,0
2020,4,19,0,2,1,78,,
2020,4,22,0,1,1,72,,
2020,4,26,0,1,1,70,,
2020,4,26,17,2,1,114,1,1
2020,4,16,0,2,1,80,,
2020,4,26,0,1,1,74,,
2020,4,19,2,2,1,107,,
2020,4,22,0,1,1,100,,
2020,4,22,0,1,1,87,,
2020,4,22,8,2,1,134,1,1
2020,4,22,16,1,1,148,,
2020,4,22,,2,1,150,1,1
2020,4,22,0,1,1,106,,
2020,4,22,0,2,1,90,,
2020,4,22,2,2,1,118,,
2020,4,22,10,2,1,140,1,1
2020,4,21,3,1,1,115,,
2020,4,21,0,1,1,75,,
2020,4,22,11,2,1,130,1,1
2020,4,22,,2,1,140,1,1
2020,4,22,,2,1,135,1,1
2020,4,16,,2,1,150,1,0
2020,4,16,13,1,1,155,,
2020,4,21,0,1,1,86,,
2020,4,22,13,2,1,135,0,0
2020,4,22,10,2,1,133,1,1
2020,4,22,18,2,1,125,1,1
2020,4,22,0,1,1,60,,
2020,4,22,0,2,1,52,,
2020,4,23,0,2,1,60,,
2020,4,23,0,2,1,64,,
2020,4,22,0,1,1,54,,
2020,4,25,20,1,1,142,,
2020,4,25,17,1,1,135,,
2020,4,25,16,1,1,143,,
2020,4,24,19,1,1,142,,
2020,4,25,6,1,1,131,,
2020,4,24,8,2,1,126,0,0
2020,4,24,23,2,1,127,1,1
2020,4,26,7,2,1,135,1,1
2020,4,26,0,1,1,80,,
2020,4,26,7,2,1,140,1,1
2020,4,29,0,1,1,75,,
2020,4,29,15,1,1,135,,
2020,4,29,14,2,1,140,0,0
2020,4,23,3,2,1,125,0,0
2020,4,23,0,2,1,80,,
2020,4,23,10,2,1,135,0,0
2020,4,23,0,2,1,85,,
2020,4,23,0,2,1,80,,
2020,4,23,8,2,1,130,1,1
2020,4,24,8,2,1,120,1,1
2020,4,24,0,1,1,75,,
2020,4,21,10,1,1,130,,
2020,4,24,14,1,1,138,,
2020,4,16,9,2,1,150,0,
2020,4,23,6,2,1,140,1,1
2020,4,17,10,1,1,158,,
2020,4,24,0,1,1,58,,
2020,4,24,0,1,1,60,,
2020,4,23,11,2,1,148,1,1
2020,4,16,7,2,1,145,1,0
2020,4,16,22,1,1,158,,
2020,4,16,13,1,1,135,,
2020,4,16,10,1,1,117,,
2020,4,19,2,2,1,115,,
2020,4,19,10,2,1,151,0,0
2020,4,16,2,2,1,125,0,0
2020,4,18,13,2,1,138,1,0
2020,4,16,3,2,1,123,1,1
2020,4,20,0,1,1,82,,
2020,4,20,22,1,1,142,,
2020,4,19,9,2,1,125,1,1
2020,4,19,11,2,1,115,1,1
2020,4,18,19,2,1,130,1,1
2020,4,18,0,1,1,81,,
2020,4,20,20,1,1,143,,
2020,4,18,7,1,1,116,,
2020,4,19,15,2,1,126,1,1
2020,4,18,12,2,1,137,1,1
2020,4,25,0,2,1,70,,
2020,4,25,18,2,1,140,1,1
2020,4,25,0,2,1,70,,
2020,4,23,16,1,1,150,,
2020,4,24,0,2,1,85,,
2020,4,24,0,2,1,80,,
2020,4,22,0,1,1,80,,
2020,4,22,18,1,1,140,,
2020,4,21,13,1,1,154,,
2020,4,22,18,1,1,140,,
2020,4,22,19,2,1,118,1,1
2020,4,22,0,1,1,80,,
2020,4,21,20,2,1,141,1,1
2020,4,21,11,2,1,138,1,1
2020,4,21,15,1,1,128,,
2020,4,21,13,2,1,129,1,1
2020,4,18,0,2,1,85,,
2020,4,18,15,2,1,136,1,1
2020,4,18,11,2,1,135,1,1
2020,4,16,0,2,1,74,,
2020,4,16,16,2,1,142,1,1
2020,4,16,0,1,1,78,,
2020,4,16,19,2,1,130,0,1
2020,4,16,24,1,1,150,,
2020,4,19,0,1,1,,,
2020,4,19,,2,1,,,
2020,4,19,5,2,1,,,
2020,4,19,20,1,1,,,
2020,4,16,,2,1,123,,
2020,4,16,,2,1,132,,
2020,4,19,0,2,1,70,,
2020,4,19,0,2,1,70,,
2020,4,19,9,1,1,140,,
2020,4,19,12,2,1,100,1,1
2020,4,19,8,1,1,150,,
2020,4,19,0,2,1,80,,
2020,4,19,,2,1,110,1,
2020,4,19,0,2,1,70,,
2020,4,19,0,2,1,70,,
2020,4,19,0,2,1,80,,
2020,4,19,11,1,1,70,,
2020,4,22,8,2,1,142,1,1
2020,4,19,0,2,1,75,,
2020,4,19,2,2,1,70,,
2020,4,19,0,2,1,80,,
2020,4,19,16,2,1,120,,
2020,4,19,15,2,1,90,0,
2020,4,16,0,2,1,59,,
2020,4,21,13,2,1,100,0,
2020,4,21,0,1,1,75,,
2020,4,21,0,1,1,72,,
2020,4,21,7,2,1,107,1,1
2020,4,22,7,2,1,109,1,1
2020,4,,12,2,1,172,1,1
2020,4,30,13,1,1,163,,
2020,4,30,16,1,1,158,,
2020,4,19,12,2,1,120,0,
2020,4,28,9,1,1,150,,
2020,4,16,20,1,1,150,,
2020,4,29,0,2,1,60,,
2020,4,29,0,1,1,80,,
2020,4,29,9,2,1,140,1,1
2020,4,27,8,2,1,150,1,1
2020,4,16,14,1,1,120,,
2020,4,16,14,1,1,115,,
2020,4,16,10,2,1,120,0,
2020,4,16,15,1,1,130,,
2020,4,23,0,1,1,87,,
2020,4,23,0,2,1,93,,
2020,4,23,12,2,1,135,1,1
2020,4,19,15,1,1,133,,
2020,4,18,0,2,1,85,,
2020,4,18,0,2,1,68,,
2020,4,19,16,1,1,129,,
2020,4,20,18,1,1,147,,
2020,4,21,0,2,1,70,,
2020,4,21,26,2,1,130,0,0
2020,4,21,10,1,1,115,,
2020,4,22,0,1,1,80,,
2020,4,22,0,2,1,70,,
2020,4,22,0,1,1,50,,
2020,4,22,23,1,1,135,,
2020,4,22,9,2,1,130,1,1
2020,4,22,9,2,1,125,1,1
2020,4,,14,2,1,,1,1
2020,4,16,21,1,1,,,
2020,4,16,15,1,1,,,
2020,4,16,8,1,1,,,
2020,4,18,10,2,1,126,1,0
2020,4,20,8,1,1,133,,
2020,4,20,18,1,1,127,,
2020,4,20,11,1,1,130,,
2020,4,19,12,1,1,130,,
2020,4,22,0,1,1,85,,
2020,4,24,3,2,2,136,0,0
2020,4,24,1,1,2,121,,
2020,4,22,8,1,2,153,,
2020,4,24,14,1,2,146,,
2020,4,24,1,2,2,114,,
2020,4,24,15,1,2,148,,
2020,4,16,2,1,1,120,,
2020,4,,1,2,1,90,,
2020,4,21,10,2,1,140,1,1
2020,4,21,19,1,1,155,,
2020,4,21,8,2,1,138,1,1
2020,4,22,9,1,1,129,,
2020,4,21,9,2,1,126,0,0
2020,4,19,0,1,1,64,,
2020,4,19,0,2,1,75,,
2020,4,19,0,1,1,88,,
2020,4,19,7,2,1,149,,
2020,4,19,0,2,1,69,,
2020,4,19,13,2,1,117,1,1
2020,4,16,0,2,1,70,,
2020,4,16,0,1,1,75,,
2020,4,16,0,2,1,110,,
2020,4,16,17,2,1,120,1,0
2020,4,16,12,2,1,110,,
2020,4,16,10,1,1,120,,
2020,4,22,0,1,1,70,,
2020,4,23,11,2,1,144,1,1
2020,4,23,0,1,1,81,,
2020,4,22,15,2,1,130,1,1
2020,4,16,8,2,1,129,1,1
2020,5,23,3,2,1,101,,
2020,5,23,3,2,1,91,0,
2020,5,31,1,2,2,122,,
2020,5,17,1,1,1,,,
2020,5,17,9,2,1,,1,0
2020,5,17,1,1,1,,,
2020,5,16,1,2,1,,,
2020,5,24,26,2,1,150,1,1
2020,5,17,1,2,1,92,,
2020,5,13,,1,1,130,,
2020,5,23,10,2,1,,0,
2020,5,26,4,2,1,,1,1
2020,6,9,1,1,2,120,,
2020,12,29,2,2,2,121,,
2021,4,19,11,1,1,135,,
2021,4,17,2,2,1,130,0,0
2021,4,16,3,1,1,130,,
2021,4,28,0,1,1,65,,
2021,4,16,1,2,1,103,,
2021,4,16,0,2,1,64,,
2021,4,28,7,1,1,127,,
2021,4,30,10,1,1,122,,
2021,4,29,0,1,1,80,,
2021,4,28,1,2,1,90,,
2021,4,16,2,2,1,105,,
2021,4,28,0,1,1,80,,
2021,4,16,2,2,1,120,0,
2021,4,28,18,2,1,125,0,
2021,4,28,0,1,1,75,,
2021,4,27,2,2,1,100,,
2021,4,27,0,1,1,58,,
2021,4,28,0,2,1,55,,
2021,4,27,0,1,1,108,,
2021,4,27,19,2,1,145,1,0
2021,4,28,0,2,1,80,0,
2021,4,28,0,1,1,70,,
2021,4,28,1,1,1,105,,
2021,4,28,0,2,1,98,,
2021,4,17,0,2,1,85,,
2021,4,17,0,2,1,82,,
2021,4,16,16,1,1,140,,
2021,4,18,0,1,1,70,,
2021,4,17,0,1,1,38,,
2021,4,18,0,2,1,63,,
2021,4,27,0,2,1,100,,
2021,4,27,12,1,1,155,,
2021,4,19,13,2,1,140,1,1
2021,4,19,3,2,1,130,0,0
2021,4,19,18,2,1,160,0,
2021,4,27,22,1,1,150,,
2021,4,29,2,2,1,110,,
2021,4,27,9,2,1,105,1,1
2021,4,27,24,1,1,150,,
2021,4,27,2,2,1,103,,
2021,4,16,5,1,1,130,,
2021,4,17,3,2,1,112,,
2021,4,19,10,1,1,135,,
2021,4,17,9,1,1,125,,
2021,4,16,16,1,1,133,,
2021,4,16,6,1,1,136,,
2021,4,19,10,2,1,148,0,
2021,4,20,3,1,1,112,,
2021,4,17,19,1,1,150,,
2021,4,16,3,1,1,120,,
2021,4,17,6,2,1,130,1,1
2021,4,17,25,2,1,155,0,
2021,4,17,12,1,1,150,,
2021,4,29,18,1,1,125,,
2021,4,20,16,2,1,135,1,1
2021,4,28,0,1,1,60,,
2021,4,30,0,2,1,70,,
2021,4,16,10,2,1,125,1,0
2021,4,30,16,1,1,150,,
2021,4,30,4,1,1,130,,
2021,4,17,11,2,1,135,1,1
2021,4,16,18,2,1,130,0,
2021,4,30,24,1,1,140,,
2021,4,30,16,1,1,150,,
2021,4,18,1,2,1,,,
2021,5,13,6,1,1,140,,
2021,5,13,0,1,1,87,,
2021,5,13,2,2,1,110,,
2021,5,13,0,2,1,85,,
2021,5,13,9,2,1,105,1,1
2021,5,13,0,1,1,90,,
2021,5,13,8,2,1,120,1,1
2021,5,8,1,1,1,130,,
2021,5,8,,,1,80,,
2021,5,8,,1,1,97,,
2021,5,12,2,2,1,92,,
2021,5,8,0,1,1,61,,
2021,5,8,24,1,1,128,,
2021,5,4,3,2,1,98,0,
2021,5,4,2,1,1,100,,
2021,5,4,21,1,1,132,,
2021,5,4,1,2,1,99,,
2021,5,8,18,1,1,140,,
2021,5,8,1,1,1,81,,
2021,5,8,9,2,1,100,1,1
2021,5,8,2,2,1,118,,
2021,5,8,,2,1,125,,
2021,5,17,11,1,1,126,,
2021,5,18,2,2,1,120,,
2021,5,19,0,1,1,90,,
2021,5,17,14,2,1,120,,
2021,5,18,18,2,1,125,1,1
2021,5,2,19,1,1,140,,
2021,5,8,2,1,1,170,,
2021,5,1,9,2,1,142,1,1
2021,5,17,2,2,1,134,,
2021,5,2,8,1,1,135,,
2021,5,1,12,1,1,143,,
2021,5,2,9,1,1,132,,
2021,5,2,9,2,1,131,0,0
2021,5,22,0,2,1,106,,
2021,5,22,1,2,1,95,,
2021,5,8,8,2,1,130,1,1
2021,5,8,2,1,1,120,,
2021,5,8,1,2,1,100,,
2021,5,8,2,1,1,120,,
2021,5,7,0,1,1,60,,
2021,5,18,5,1,1,110,,
2021,5,2,2,2,1,136,,
2021,5,2,0,2,1,90,,
2021,5,2,6,1,1,140,,
2021,5,2,5,2,1,120,0,0
2021,5,31,0,1,1,85,,
2021,5,21,0,2,1,92,,
2021,5,13,9,2,1,120,,0
2021,5,9,0,2,1,80,,
2021,5,12,12,2,1,120,0,0
2021,5,12,1,1,1,135,,
2021,5,3,20,1,1,151,,
2021,5,12,26,1,1,135,,
2021,5,7,0,1,1,58,,
2021,5,8,9,1,1,145,,
2021,5,4,0,1,1,80,,
2021,5,13,17,1,1,145,,
2021,5,12,11,2,1,125,1,1
2021,5,12,22,1,1,152,,
2021,5,12,7,2,1,125,0,0
2021,5,13,12,1,1,145,,
2021,5,8,0,1,1,70,,
2021,5,9,2,1,1,120,,
2021,5,11,1,2,1,90,,
2021,5,11,3,1,1,90,,
2021,5,12,8,2,1,107,0,0
2021,5,8,22,1,1,125,,
2021,5,12,2,1,1,80,,
2021,5,13,3,2,1,95,0,0
2021,5,12,14,2,1,100,1,1
2021,5,8,0,2,1,101,,
2021,5,8,0,2,1,70,,
2021,5,8,0,1,1,70,,
2021,5,8,0,2,1,80,,
2021,5,8,4,2,1,119,0,0
2021,5,8,15,2,1,150,1,1
2021,5,8,3,1,1,117,,
2021,5,5,2,1,1,102,,
2021,5,5,12,1,1,122,,
2021,5,8,0,1,1,70,,
2021,5,8,10,2,1,160,0,0
2021,5,8,24,1,1,138,,
2021,5,8,20,2,1,156,1,
2021,5,8,13,1,1,136,,
2021,5,8,15,2,1,140,1,
2021,5,8,12,2,1,162,0,
2021,5,8,14,2,1,150,1,1
2021,5,8,23,2,1,150,0,
2021,5,9,0,2,4,81,,
2021,5,8,0,1,4,105,,
2021,5,1,20,1,1,121,,
2021,5,1,18,1,1,150,,
2021,5,9,9,1,1,,,
2021,5,13,2,1,1,102,,
2021,5,13,8,1,1,145,,
2021,5,14,17,1,1,154,,
2021,12,30,0,1,4,80,,
2022,4,24,2,2,1,135,0,
2022,4,25,1,2,1,105,0,
2022,4,25,2,2,1,120,0,
2022,4,25,20,1,1,155,,
2022,4,19,9,2,1,130,1,1
2022,4,23,0,1,1,70,,
2022,4,27,,2,1,140,,
2022,4,21,1,2,1,100,0,0
2022,4,23,26,1,1,130,,
2022,4,27,1,2,1,90,0,0
2022,4,23,15,2,1,155,0,0
2022,4,23,14,2,1,155,0,0
2022,4,16,5,2,1,120,0,0
2022,4,17,8,2,1,155,1,1
2022,4,16,10,2,1,140,0,0
2022,4,23,16,1,1,165,,
2022,4,16,12,2,1,148,0,0
2022,4,16,16,2,1,165,1,0
2022,4,17,,1,1,135,,
2022,4,18,,1,1,100,,
2022,4,17,,1,1,90,,
2022,4,17,,1,1,100,,
2022,4,18,,1,1,100,,
2022,4,18,,1,1,110,,
2022,4,17,,1,1,100,,
2022,4,17,,1,1,100,,
2022,4,18,0,2,1,100,,
2022,4,18,26,2,1,110,,
2022,4,18,12,2,1,95,,
2022,4,17,,1,1,100,,
2022,4,17,,1,1,110,,
2022,4,18,,1,1,123,,
2022,5,23,,1,1,150,,
2022,5,25,0,2,1,98,0,
2022,5,26,0,1,1,90,,
2022,5,25,0,2,1,90,0,
2022,5,15,7,2,1,120,1,
2022,5,15,11,2,1,130,1,1
2022,5,17,10,2,1,125,0,0
2022,5,17,0,1,1,95,,
2022,5,17,6,2,1,130,1,
2022,5,17,7,2,1,130,1,1
2022,5,17,8,2,1,120,1,0
2022,5,16,10,1,1,135,,
2022,5,16,0,2,1,80,0,
2022,5,16,8,1,1,137,,
2022,5,16,8,2,1,130,0,0
2022,5,10,7,2,1,125,1,1
2022,5,13,0,1,1,78,,
2022,5,13,0,2,1,110,0,0
2022,5,4,0,2,1,86,0,0
2022,5,13,18,1,1,142,,
2022,5,4,9,2,1,130,1,1
2022,5,14,0,2,1,84,0,
2022,5,4,2,1,1,113,,
2022,5,20,2,1,1,108,,
2022,5,19,0,2,1,60,0,0
2022,5,13,,1,1,140,,
2022,5,13,1,1,1,110,,
2022,5,12,,1,1,120,,
2022,5,13,5,2,1,120,0,0
2022,5,13,,1,1,148,,
2022,5,12,2,2,1,110,0,0
2022,5,12,2,2,1,110,0,0
2022,5,12,14,2,1,130,1,1
2022,5,13,11,2,1,120,0,0
2022,5,25,5,2,1,90,1,1
2022,5,25,,1,1,108,,
2022,5,18,2,2,1,104,0,0
2022,5,25,9,2,1,90,1,1
2022,5,24,8,2,1,100,1,1
2022,5,25,1,1,1,100,,
2022,5,30,0,1,1,60,,
2022,5,24,2,2,1,100,0,0
2022,5,25,10,2,1,100,1,1
2022,5,24,2,2,1,100,0,0
2022,5,24,1,2,1,70,0,0
2022,5,8,2,2,1,106,0,0
2022,5,14,1,2,1,91,0,0
2022,5,25,,1,1,150,,
2022,5,8,,1,1,110,,
2022,5,25,,1,1,90,,
2022,5,21,0,2,1,84,0,0
2022,5,21,,1,1,161,,
2022,5,21,,1,1,90,,
2022,5,19,0,1,1,70,,
2022,5,20,11,2,1,130,1,1
2022,5,19,,1,1,150,,
2022,5,20,8,2,1,120,0,0
2022,5,23,8,2,1,100,1,1
2022,5,19,16,1,1,120,,
2022,5,19,6,2,1,110,1,1
2022,5,19,11,2,1,140,1,1
2022,5,20,10,2,1,120,1,1
2022,5,20,11,2,1,134,1,1
2022,5,19,1,1,1,110,,
2022,5,19,,1,1,147,,
2022,5,20,1,2,1,105,,
2022,5,19,12,2,1,145,1,1
2022,5,20,5,2,1,105,1,0
2022,5,20,3,2,1,132,0,0
2022,5,19,8,2,1,155,0,0
2022,5,20,1,1,1,93,,
2022,5,20,9,2,1,149,1,0
2022,5,20,,1,1,120,,
2022,5,20,7,2,1,123,0,0
2022,5,20,,1,1,132,,
2022,5,20,,1,1,145,,
2022,5,21,13,2,1,150,0,0
2022,5,21,7,2,1,140,1,0
2022,5,19,0,2,1,75,,
2022,5,21,10,2,1,128,1,1
2022,5,21,3,1,1,125,,
2022,5,21,11,2,1,130,1,1
2022,5,20,16,2,1,130,0,0
2022,5,25,1,1,1,85,,
2022,5,21,2,2,1,139,0,0
2022,5,21,1,2,1,110,0,0
2022,5,21,14,2,1,131,1,1
2022,5,21,,2,1,,0,0
2022,5,21,,1,1,,,
2022,5,21,,1,1,,,
2022,5,20,,1,1,,,
2022,5,20,,1,1,,,
2022,5,20,,1,1,,,
2022,5,20,,1,1,,,
2022,5,24,,1,1,110,,
2022,5,21,,1,1,105,,
2022,5,21,8,2,1,100,,
2022,5,21,4,2,1,100,,
2022,5,21,,1,1,100,,
2022,6,1,0,1,1,70,,
2022,6,3,0,1,1,70,,
2022,6,3,0,1,1,70,,
2022,6,30,0,1,5,,,
2022,10,30,0,1,4,100,,
2022,10,30,,1,4,100,,
2022,10,30,0,1,4,100,,
2022,12,22,0,1,4,100,,
2022,12,22,0,1,4,100,,
2023,5,11,,2,1,101,,
2023,5,11,,1,1,55,,
2023,4,16,,1,1,,,
2023,5,15,,1,1,65,,
2023,5,15,,2,1,90,,
2023,5,15,,1,1,100,,
2023,5,8,,2,1,130,,
2023,5,8,,1,1,70,,
2023,5,8,,2,1,70,,
2023,5,5,,1,1,140,,
2023,5,7,,2,1,120,,
2023,5,17,,2,1,100,,
2023,5,15,,1,1,130,,
2023,5,5,,1,1,80,,
2023,5,5,,1,1,120,,
2023,5,5,,1,1,70,,
2023,5,5,,1,1,120,,
2023,4,17,,2,1,100,,
2023,4,21,,1,1,120,,
2023,4,17,,2,1,100,,
2023,4,17,,1,1,125,,
2023,4,19,,2,1,120,,
2023,4,19,,1,1,130,,
2023,4,19,,2,1,120,,